{
  "scale": "full",
  "seed": 0,
  "wall_clock_sec": 439.8,
  "config": {
    "hidden_dim": 128,
    "n_layers": 4,
    "sigma_floor": 0.0001,
    "grad_loss_weight": 1.0,
    "lr": 0.001,
    "batch_size": 1024,
    "pretrain_steps": 2000
  },
  "heston_params": {
    "mu": 0.0,
    "kappa": 4.0,
    "theta": 0.04,
    "xi": 0.6,
    "rho": -0.7,
    "v0": 0.04
  },
  "grid": {
    "s_ref": 5500.0,
    "moneyness": [
      0.97,
      1.03
    ],
    "n_moneyness": 25,
    "tau_hours": [
      0.5,
      72.0
    ],
    "n_tau": 20,
    "sigmas": [
      0.1,
      0.2,
      0.4
    ]
  },
  "bs_grid_eval": {
    "n_points": 1500,
    "price_pct": {
      "median": 0.000238342344755624,
      "p95": 0.0010586579574836915,
      "max": 0.0038313348208744587,
      "mean": 0.00035025501426874477
    },
    "delta_abs_points": {
      "median": 4.168012778527075e-07,
      "p95": 3.158132638136912e-06,
      "max": 2.2834709937247233e-05,
      "mean": 8.976113768733492e-07
    },
    "gamma_pct": {
      "median": 0.00020728380013347808,
      "p95": 0.0041326869142748095,
      "max": 0.08564779522868622,
      "mean": 0.0010563830071751734
    },
    "vega_pct": {
      "median": 0.0015062991050160553,
      "p95": 0.007795166228987835,
      "max": 0.013457486196105347,
      "mean": 0.0025454591913060477
    }
  },
  "heston_eval_0dte": {
    "n_points": 400,
    "err_BS_vs_heston_pct_of_spot": {
      "median": 0.006996659595243267,
      "p95": 0.0249643490142133,
      "max": 0.039836911125534745,
      "mean": 0.009183430898281497
    },
    "err_DML_vs_heston_pct_of_spot": {
      "median": 0.0070121720196319876,
      "p95": 0.02490485830456024,
      "max": 0.039830062012486615,
      "mean": 0.0092061882100454
    },
    "mc_stderr_pct_of_spot": {
      "median": 0.004133411537556194,
      "p95": 0.02373637249607997,
      "max": 0.04903456818756551,
      "mean": 0.007076853630739221
    },
    "fraction_points_DML_beats_BS": 0.43,
    "paired_mean_gain_pct_of_spot": -2.2757311763904697e-05,
    "paired_t_stat": -3.903098397357102
  },
  "heston_eval_swing": {
    "n_points": 400,
    "err_BS_vs_heston_pct_of_spot": {
      "median": 0.06866913263772531,
      "p95": 0.23125093354284207,
      "max": 0.3914184831634125,
      "mean": 0.08508479858124858
    },
    "err_DML_vs_heston_pct_of_spot": {
      "median": 0.058843748328513364,
      "p95": 0.21466059274703822,
      "max": 0.2927483713801781,
      "mean": 0.07743313586000075
    },
    "mc_stderr_pct_of_spot": {
      "median": 0.017742045055605733,
      "p95": 0.07485595557339333,
      "max": 0.13077768027207193,
      "mean": 0.02592341304981457
    },
    "fraction_points_DML_beats_BS": 0.5125,
    "paired_mean_gain_pct_of_spot": 0.007651662721247823,
    "paired_t_stat": 2.0048450836148546
  },
  "greek_drift_bs_to_finetune": {
    "delta_drift_pct": {
      "median": 0.0009960259776562452,
      "p95": 9.725791931152344,
      "max": 433.3497619628906,
      "mean": 6.388388875860757
    },
    "gamma_drift_pct": {
      "median": 4.556267595035024e-05,
      "p95": 0.023363303020596478,
      "max": 0.08471374958753586,
      "mean": 0.003287068718656883
    },
    "vega_drift_pct": {
      "median": 0.07035255804657936,
      "p95": 1484.8450195312496,
      "max": 5630.1484375,
      "mean": 195.21864523847557
    }
  },
  "plots": [
    "loss_curves.png",
    "gamma_error_heatmap.png",
    "heston_improvement.png"
  ]
}